country,continent,year,gdpPercap
Afghanistan,Asia,1952,779.4453145
Afghanistan,Asia,1957,820.8530296
Afghanistan,Asia,1962,853.10071
Afghanistan,Asia,1967,836.1971382
Afghanistan,Asia,1972,739.9811058
Afghanistan,Asia,1977,786.11336
Afghanistan,Asia,1982,978.0114388
Afghanistan,Asia,1987,852.3959448
Afghanistan,Asia,1992,649.3413952
Afghanistan,Asia,1997,635.341351
Afghanistan,Asia,2002,726.7340548
Afghanistan,Asia,2007,974.5803384
Albania,Europe,1952,1601.056136
Albania,Europe,1957,1942.284244
Albania,Europe,1962,2312.888958
Albania,Europe,1967,2760.196931
Albania,Europe,1972,3313.422188
Albania,Europe,1977,3533.00391
Albania,Europe,1982,3630.880722
Albania,Europe,1987,3738.932735
Albania,Europe,1992,2497.437901
Albania,Europe,1997,3193.054604
Albania,Europe,2002,4604.211737
Albania,Europe,2007,5937.029526
Algeria,Africa,1952,2449.008185
Algeria,Africa,1957,3013.976023
Algeria,Africa,1962,2550.81688
Algeria,Africa,1967,3246.991771
Algeria,Africa,1972,4182.663766
Algeria,Africa,1977,4910.416756
Algeria,Africa,1982,5745.160213
Algeria,Africa,1987,5681.358539
Algeria,Africa,1992,5023.216647
Algeria,Africa,1997,4797.295051
Algeria,Africa,2002,5288.040382
Algeria,Africa,2007,6223.367465
Angola,Africa,1952,3520.610273
Angola,Africa,1957,3827.940465
Angola,Africa,1962,4269.276742
Angola,Africa,1967,5522.776375
Angola,Africa,1972,5473.288005
Angola,Africa,1977,3008.647355
Angola,Africa,1982,2756.953672
Angola,Africa,1987,2430.208311
Angola,Africa,1992,2627.845685
Angola,Africa,1997,2277.140884
Angola,Africa,2002,2773.287312
Angola,Africa,2007,4797.231267
Argentina,Americas,1952,5911.315053
Argentina,Americas,1957,6856.856212
Argentina,Americas,1962,7133.166023
Argentina,Americas,1967,8052.953021
Argentina,Americas,1972,9443.038526
Argentina,Americas,1977,10079.02674
Argentina,Americas,1982,8997.897412
Argentina,Americas,1987,9139.671389
Argentina,Americas,1992,9308.41871
Argentina,Americas,1997,10967.28195
Argentina,Americas,2002,8797.640716
Argentina,Americas,2007,12779.37964
Australia,Oceania,1952,10039.59564
Australia,Oceania,1957,10949.64959
Australia,Oceania,1962,12217.22686
Australia,Oceania,1967,14526.12465
Australia,Oceania,1972,16788.62948
Australia,Oceania,1977,18334.19751
Australia,Oceania,1982,19477.00928
Australia,Oceania,1987,21888.88903
Australia,Oceania,1992,23424.76683
Australia,Oceania,1997,26997.93657
Australia,Oceania,2002,30687.75473
Australia,Oceania,2007,34435.36744
Austria,Europe,1952,6137.076492
Austria,Europe,1957,8842.59803
Austria,Europe,1962,10750.72111
Austria,Europe,1967,12834.6024
Austria,Europe,1972,16661.6256
Austria,Europe,1977,19749.4223
Austria,Europe,1982,21597.08362
Austria,Europe,1987,23687.82607
Austria,Europe,1992,27042.01868
Austria,Europe,1997,29095.92066
Austria,Europe,2002,32417.60769
Austria,Europe,2007,36126.4927
Bahrain,Asia,1952,9867.084765
Bahrain,Asia,1957,11635.79945
Bahrain,Asia,1962,12753.27514
Bahrain,Asia,1967,14804.6727
Bahrain,Asia,1972,18268.65839
Bahrain,Asia,1977,19340.10196
Bahrain,Asia,1982,19211.14731
Bahrain,Asia,1987,18524.02406
Bahrain,Asia,1992,19035.57917
Bahrain,Asia,1997,20292.01679
Bahrain,Asia,2002,23403.55927
Bahrain,Asia,2007,29796.04834
Bangladesh,Asia,1952,684.2441716
Bangladesh,Asia,1957,661.6374577
Bangladesh,Asia,1962,686.3415538
Bangladesh,Asia,1967,721.1860862
Bangladesh,Asia,1972,630.2336265
Bangladesh,Asia,1977,659.8772322
Bangladesh,Asia,1982,676.9818656
Bangladesh,Asia,1987,751.9794035
Bangladesh,Asia,1992,837.8101643
Bangladesh,Asia,1997,972.7700352
Bangladesh,Asia,2002,1136.39043
Bangladesh,Asia,2007,1391.253792
Belgium,Europe,1952,8343.105127
Belgium,Europe,1957,9714.960623
Belgium,Europe,1962,10991.20676
Belgium,Europe,1967,13149.04119
Belgium,Europe,1972,16672.14356
Belgium,Europe,1977,19117.97448
Belgium,Europe,1982,20979.84589
Belgium,Europe,1987,22525.56308
Belgium,Europe,1992,25575.57069
Belgium,Europe,1997,27561.19663
Belgium,Europe,2002,30485.88375
Belgium,Europe,2007,33692.60508
Benin,Africa,1952,1062.7522
Benin,Africa,1957,959.6010805
Benin,Africa,1962,949.4990641
Benin,Africa,1967,1035.831411
Benin,Africa,1972,1085.796879
Benin,Africa,1977,1029.161251
Benin,Africa,1982,1277.897616
Benin,Africa,1987,1225.85601
Benin,Africa,1992,1191.207681
Benin,Africa,1997,1232.975292
Benin,Africa,2002,1372.877931
Benin,Africa,2007,1441.284873
Bolivia,Americas,1952,2677.326347
Bolivia,Americas,1957,2127.686326
Bolivia,Americas,1962,2180.972546
Bolivia,Americas,1967,2586.886053
Bolivia,Americas,1972,2980.331339
Bolivia,Americas,1977,3548.097832
Bolivia,Americas,1982,3156.510452
Bolivia,Americas,1987,2753.69149
Bolivia,Americas,1992,2961.699694
Bolivia,Americas,1997,3326.143191
Bolivia,Americas,2002,3413.26269
Bolivia,Americas,2007,3822.137084
Bosnia and Herzegovina,Europe,1952,973.5331948
Bosnia and Herzegovina,Europe,1957,1353.989176
Bosnia and Herzegovina,Europe,1962,1709.683679
Bosnia and Herzegovina,Europe,1967,2172.352423
Bosnia and Herzegovina,Europe,1972,2860.16975
Bosnia and Herzegovina,Europe,1977,3528.481305
Bosnia and Herzegovina,Europe,1982,4126.613157
Bosnia and Herzegovina,Europe,1987,4314.114757
Bosnia and Herzegovina,Europe,1992,2546.781445
Bosnia and Herzegovina,Europe,1997,4766.355904
Bosnia and Herzegovina,Europe,2002,6018.975239
Bosnia and Herzegovina,Europe,2007,7446.298803
Botswana,Africa,1952,851.2411407
Botswana,Africa,1957,918.2325349
Botswana,Africa,1962,983.6539764
Botswana,Africa,1967,1214.709294
Botswana,Africa,1972,2263.611114
Botswana,Africa,1977,3214.857818
Botswana,Africa,1982,4551.14215
Botswana,Africa,1987,6205.88385
Botswana,Africa,1992,7954.111645
Botswana,Africa,1997,8647.142313
Botswana,Africa,2002,11003.60508
Botswana,Africa,2007,12569.85177
Brazil,Americas,1952,2108.944355
Brazil,Americas,1957,2487.365989
Brazil,Americas,1962,3336.585802
Brazil,Americas,1967,3429.864357
Brazil,Americas,1972,4985.711467
Brazil,Americas,1977,6660.118654
Brazil,Americas,1982,7030.835878
Brazil,Americas,1987,7807.095818
Brazil,Americas,1992,6950.283021
Brazil,Americas,1997,7957.980824
Brazil,Americas,2002,8131.212843
Brazil,Americas,2007,9065.800825
Bulgaria,Europe,1952,2444.286648
Bulgaria,Europe,1957,3008.670727
Bulgaria,Europe,1962,4254.337839
Bulgaria,Europe,1967,5577.0028
Bulgaria,Europe,1972,6597.494398
Bulgaria,Europe,1977,7612.240438
Bulgaria,Europe,1982,8224.191647
Bulgaria,Europe,1987,8239.854824
Bulgaria,Europe,1992,6302.623438
Bulgaria,Europe,1997,5970.38876
Bulgaria,Europe,2002,7696.777725
Bulgaria,Europe,2007,10680.79282
Burkina Faso,Africa,1952,543.2552413
Burkina Faso,Africa,1957,617.1834648
Burkina Faso,Africa,1962,722.5120206
Burkina Faso,Africa,1967,794.8265597
Burkina Faso,Africa,1972,854.7359763
Burkina Faso,Africa,1977,743.3870368
Burkina Faso,Africa,1982,807.1985855
Burkina Faso,Africa,1987,912.0631417
Burkina Faso,Africa,1992,931.7527731
Burkina Faso,Africa,1997,946.2949618
Burkina Faso,Africa,2002,1037.645221
Burkina Faso,Africa,2007,1217.032994
Burundi,Africa,1952,339.2964587
Burundi,Africa,1957,379.5646281
Burundi,Africa,1962,355.2032273
Burundi,Africa,1967,412.9775136
Burundi,Africa,1972,464.0995039
Burundi,Africa,1977,556.1032651
Burundi,Africa,1982,559.603231
Burundi,Africa,1987,621.8188189
Burundi,Africa,1992,631.6998778
Burundi,Africa,1997,463.1151478
Burundi,Africa,2002,446.4035126
Burundi,Africa,2007,430.0706916
Cambodia,Asia,1952,368.4692856
Cambodia,Asia,1957,434.0383364
Cambodia,Asia,1962,496.9136476
Cambodia,Asia,1967,523.4323142
Cambodia,Asia,1972,421.6240257
Cambodia,Asia,1977,524.9721832
Cambodia,Asia,1982,624.4754784
Cambodia,Asia,1987,683.8955732
Cambodia,Asia,1992,682.3031755
Cambodia,Asia,1997,734.28517
Cambodia,Asia,2002,896.2260153
Cambodia,Asia,2007,1713.778686
Cameroon,Africa,1952,1172.667655
Cameroon,Africa,1957,1313.048099
Cameroon,Africa,1962,1399.607441
Cameroon,Africa,1967,1508.453148
Cameroon,Africa,1972,1684.146528
Cameroon,Africa,1977,1783.432873
Cameroon,Africa,1982,2367.983282
Cameroon,Africa,1987,2602.664206
Cameroon,Africa,1992,1793.163278
Cameroon,Africa,1997,1694.337469
Cameroon,Africa,2002,1934.011449
Cameroon,Africa,2007,2042.09524
Canada,Americas,1952,11367.16112
Canada,Americas,1957,12489.95006
Canada,Americas,1962,13462.48555
Canada,Americas,1967,16076.58803
Canada,Americas,1972,18970.57086
Canada,Americas,1977,22090.88306
Canada,Americas,1982,22898.79214
Canada,Americas,1987,26626.51503
Canada,Americas,1992,26342.88426
Canada,Americas,1997,28954.92589
Canada,Americas,2002,33328.96507
Canada,Americas,2007,36319.23501
Central African Republic,Africa,1952,1071.310713
Central African Republic,Africa,1957,1190.844328
Central African Republic,Africa,1962,1193.068753
Central African Republic,Africa,1967,1136.056615
Central African Republic,Africa,1972,1070.013275
Central African Republic,Africa,1977,1109.374338
Central African Republic,Africa,1982,956.7529907
Central African Republic,Africa,1987,844.8763504
Central African Republic,Africa,1992,747.9055252
Central African Republic,Africa,1997,740.5063317
Central African Republic,Africa,2002,738.6906068
Central African Republic,Africa,2007,706.016537
Chad,Africa,1952,1178.665927
Chad,Africa,1957,1308.495577
Chad,Africa,1962,1389.817618
Chad,Africa,1967,1196.810565
Chad,Africa,1972,1104.103987
Chad,Africa,1977,1133.98495
Chad,Africa,1982,797.9081006
Chad,Africa,1987,952.386129
Chad,Africa,1992,1058.0643
Chad,Africa,1997,1004.961353
Chad,Africa,2002,1156.18186
Chad,Africa,2007,1704.063724
Chile,Americas,1952,3939.978789
Chile,Americas,1957,4315.622723
Chile,Americas,1962,4519.094331
Chile,Americas,1967,5106.654313
Chile,Americas,1972,5494.024437
Chile,Americas,1977,4756.763836
Chile,Americas,1982,5095.665738
Chile,Americas,1987,5547.063754
Chile,Americas,1992,7596.125964
Chile,Americas,1997,10118.05318
Chile,Americas,2002,10778.78385
Chile,Americas,2007,13171.63885
China,Asia,1952,400.448611
China,Asia,1957,575.9870009
China,Asia,1962,487.6740183
China,Asia,1967,612.7056934
China,Asia,1972,676.9000921
China,Asia,1977,741.2374699
China,Asia,1982,962.4213805
China,Asia,1987,1378.904018
China,Asia,1992,1655.784158
China,Asia,1997,2289.234136
China,Asia,2002,3119.280896
China,Asia,2007,4959.114854
Colombia,Americas,1952,2144.115096
Colombia,Americas,1957,2323.805581
Colombia,Americas,1962,2492.351109
Colombia,Americas,1967,2678.729839
Colombia,Americas,1972,3264.660041
Colombia,Americas,1977,3815.80787
Colombia,Americas,1982,4397.575659
Colombia,Americas,1987,4903.2191
Colombia,Americas,1992,5444.648617
Colombia,Americas,1997,6117.361746
Colombia,Americas,2002,5755.259962
Colombia,Americas,2007,7006.580419
Comoros,Africa,1952,1102.990936
Comoros,Africa,1957,1211.148548
Comoros,Africa,1962,1406.648278
Comoros,Africa,1967,1876.029643
Comoros,Africa,1972,1937.577675
Comoros,Africa,1977,1172.603047
Comoros,Africa,1982,1267.100083
Comoros,Africa,1987,1315.980812
Comoros,Africa,1992,1246.90737
Comoros,Africa,1997,1173.618235
Comoros,Africa,2002,1075.811558
Comoros,Africa,2007,986.1478792
"Congo, Dem. Rep.",Africa,1952,780.5423257
"Congo, Dem. Rep.",Africa,1957,905.8602303
"Congo, Dem. Rep.",Africa,1962,896.3146335
"Congo, Dem. Rep.",Africa,1967,861.5932424
"Congo, Dem. Rep.",Africa,1972,904.8960685
"Congo, Dem. Rep.",Africa,1977,795.757282
"Congo, Dem. Rep.",Africa,1982,673.7478181
"Congo, Dem. Rep.",Africa,1987,672.774812
"Congo, Dem. Rep.",Africa,1992,457.7191807
"Congo, Dem. Rep.",Africa,1997,312.188423
"Congo, Dem. Rep.",Africa,2002,241.1658765
"Congo, Dem. Rep.",Africa,2007,277.5518587
"Congo, Rep.",Africa,1952,2125.621418
"Congo, Rep.",Africa,1957,2315.056572
"Congo, Rep.",Africa,1962,2464.783157
"Congo, Rep.",Africa,1967,2677.939642
"Congo, Rep.",Africa,1972,3213.152683
"Congo, Rep.",Africa,1977,3259.178978
"Congo, Rep.",Africa,1982,4879.507522
"Congo, Rep.",Africa,1987,4201.194937
"Congo, Rep.",Africa,1992,4016.239529
"Congo, Rep.",Africa,1997,3484.164376
"Congo, Rep.",Africa,2002,3484.06197
"Congo, Rep.",Africa,2007,3632.557798
Costa Rica,Americas,1952,2627.009471
Costa Rica,Americas,1957,2990.010802
Costa Rica,Americas,1962,3460.937025
Costa Rica,Americas,1967,4161.727834
Costa Rica,Americas,1972,5118.146939
Costa Rica,Americas,1977,5926.876967
Costa Rica,Americas,1982,5262.734751
Costa Rica,Americas,1987,5629.915318
Costa Rica,Americas,1992,6160.416317
Costa Rica,Americas,1997,6677.045314
Costa Rica,Americas,2002,7723.447195
Costa Rica,Americas,2007,9645.06142
Cote d'Ivoire,Africa,1952,1388.594732
Cote d'Ivoire,Africa,1957,1500.895925
Cote d'Ivoire,Africa,1962,1728.869428
Cote d'Ivoire,Africa,1967,2052.050473
Cote d'Ivoire,Africa,1972,2378.201111
Cote d'Ivoire,Africa,1977,2517.736547
Cote d'Ivoire,Africa,1982,2602.710169
Cote d'Ivoire,Africa,1987,2156.956069
Cote d'Ivoire,Africa,1992,1648.073791
Cote d'Ivoire,Africa,1997,1786.265407
Cote d'Ivoire,Africa,2002,1648.800823
Cote d'Ivoire,Africa,2007,1544.750112
Croatia,Europe,1952,3119.23652
Croatia,Europe,1957,4338.231617
Croatia,Europe,1962,5477.890018
Croatia,Europe,1967,6960.297861
Croatia,Europe,1972,9164.090127
Croatia,Europe,1977,11305.38517
Croatia,Europe,1982,13221.82184
Croatia,Europe,1987,13822.58394
Croatia,Europe,1992,8447.794873
Croatia,Europe,1997,9875.604515
Croatia,Europe,2002,11628.38895
Croatia,Europe,2007,14619.22272
Cuba,Americas,1952,5586.53878
Cuba,Americas,1957,6092.174359
Cuba,Americas,1962,5180.75591
Cuba,Americas,1967,5690.268015
Cuba,Americas,1972,5305.445256
Cuba,Americas,1977,6380.494966
Cuba,Americas,1982,7316.918107
Cuba,Americas,1987,7532.924763
Cuba,Americas,1992,5592.843963
Cuba,Americas,1997,5431.990415
Cuba,Americas,2002,6340.646683
Cuba,Americas,2007,8948.102923
Czech Republic,Europe,1952,6876.14025
Czech Republic,Europe,1957,8256.343918
Czech Republic,Europe,1962,10136.86713
Czech Republic,Europe,1967,11399.44489
Czech Republic,Europe,1972,13108.4536
Czech Republic,Europe,1977,14800.16062
Czech Republic,Europe,1982,15377.22855
Czech Republic,Europe,1987,16310.4434
Czech Republic,Europe,1992,14297.02122
Czech Republic,Europe,1997,16048.51424
Czech Republic,Europe,2002,17596.21022
Czech Republic,Europe,2007,22833.30851
Denmark,Europe,1952,9692.385245
Denmark,Europe,1957,11099.65935
Denmark,Europe,1962,13583.31351
Denmark,Europe,1967,15937.21123
Denmark,Europe,1972,18866.20721
Denmark,Europe,1977,20422.9015
Denmark,Europe,1982,21688.04048
Denmark,Europe,1987,25116.17581
Denmark,Europe,1992,26406.73985
Denmark,Europe,1997,29804.34567
Denmark,Europe,2002,32166.50006
Denmark,Europe,2007,35278.41874
Djibouti,Africa,1952,2669.529475
Djibouti,Africa,1957,2864.969076
Djibouti,Africa,1962,3020.989263
Djibouti,Africa,1967,3020.050513
Djibouti,Africa,1972,3694.212352
Djibouti,Africa,1977,3081.761022
Djibouti,Africa,1982,2879.468067
Djibouti,Africa,1987,2880.102568
Djibouti,Africa,1992,2377.156192
Djibouti,Africa,1997,1895.016984
Djibouti,Africa,2002,1908.260867
Djibouti,Africa,2007,2082.481567
Dominican Republic,Americas,1952,1397.717137
Dominican Republic,Americas,1957,1544.402995
Dominican Republic,Americas,1962,1662.137359
Dominican Republic,Americas,1967,1653.723003
Dominican Republic,Americas,1972,2189.874499
Dominican Republic,Americas,1977,2681.9889
Dominican Republic,Americas,1982,2861.092386
Dominican Republic,Americas,1987,2899.842175
Dominican Republic,Americas,1992,3044.214214
Dominican Republic,Americas,1997,3614.101285
Dominican Republic,Americas,2002,4563.808154
Dominican Republic,Americas,2007,6025.374752
Ecuador,Americas,1952,3522.110717
Ecuador,Americas,1957,3780.546651
Ecuador,Americas,1962,4086.114078
Ecuador,Americas,1967,4579.074215
Ecuador,Americas,1972,5280.99471
Ecuador,Americas,1977,6679.62326
Ecuador,Americas,1982,7213.791267
Ecuador,Americas,1987,6481.776993
Ecuador,Americas,1992,7103.702595
Ecuador,Americas,1997,7429.455877
Ecuador,Americas,2002,5773.044512
Ecuador,Americas,2007,6873.262326
Egypt,Africa,1952,1418.822445
Egypt,Africa,1957,1458.915272
Egypt,Africa,1962,1693.335853
Egypt,Africa,1967,1814.880728
Egypt,Africa,1972,2024.008147
Egypt,Africa,1977,2785.493582
Egypt,Africa,1982,3503.729636
Egypt,Africa,1987,3885.46071
Egypt,Africa,1992,3794.755195
Egypt,Africa,1997,4173.181797
Egypt,Africa,2002,4754.604414
Egypt,Africa,2007,5581.180998
El Salvador,Americas,1952,3048.3029
El Salvador,Americas,1957,3421.523218
El Salvador,Americas,1962,3776.803627
El Salvador,Americas,1967,4358.595393
El Salvador,Americas,1972,4520.246008
El Salvador,Americas,1977,5138.922374
El Salvador,Americas,1982,4098.344175
El Salvador,Americas,1987,4140.442097
El Salvador,Americas,1992,4444.2317
El Salvador,Americas,1997,5154.825496
El Salvador,Americas,2002,5351.568666
El Salvador,Americas,2007,5728.353514
Equatorial Guinea,Africa,1952,375.6431231
Equatorial Guinea,Africa,1957,426.0964081
Equatorial Guinea,Africa,1962,582.8419714
Equatorial Guinea,Africa,1967,915.5960025
Equatorial Guinea,Africa,1972,672.4122571
Equatorial Guinea,Africa,1977,958.5668124
Equatorial Guinea,Africa,1982,927.8253427
Equatorial Guinea,Africa,1987,966.8968149
Equatorial Guinea,Africa,1992,1132.055034
Equatorial Guinea,Africa,1997,2814.480755
Equatorial Guinea,Africa,2002,7703.4959
Equatorial Guinea,Africa,2007,12154.08975
Eritrea,Africa,1952,328.9405571
Eritrea,Africa,1957,344.1618859
Eritrea,Africa,1962,380.9958433
Eritrea,Africa,1967,468.7949699
Eritrea,Africa,1972,514.3242082
Eritrea,Africa,1977,505.7538077
Eritrea,Africa,1982,524.8758493
Eritrea,Africa,1987,521.1341333
Eritrea,Africa,1992,582.8585102
Eritrea,Africa,1997,913.47079
Eritrea,Africa,2002,765.3500015
Eritrea,Africa,2007,641.3695236
Ethiopia,Africa,1952,362.1462796
Ethiopia,Africa,1957,378.9041632
Ethiopia,Africa,1962,419.4564161
Ethiopia,Africa,1967,516.1186438
Ethiopia,Africa,1972,566.2439442
Ethiopia,Africa,1977,556.8083834
Ethiopia,Africa,1982,577.8607471
Ethiopia,Africa,1987,573.7413142
Ethiopia,Africa,1992,421.3534653
Ethiopia,Africa,1997,515.8894013
Ethiopia,Africa,2002,530.0535319
Ethiopia,Africa,2007,690.8055759
Finland,Europe,1952,6424.519071
Finland,Europe,1957,7545.415386
Finland,Europe,1962,9371.842561
Finland,Europe,1967,10921.63626
Finland,Europe,1972,14358.8759
Finland,Europe,1977,15605.42283
Finland,Europe,1982,18533.15761
Finland,Europe,1987,21141.01223
Finland,Europe,1992,20647.16499
Finland,Europe,1997,23723.9502
Finland,Europe,2002,28204.59057
Finland,Europe,2007,33207.0844
France,Europe,1952,7029.809327
France,Europe,1957,8662.834898
France,Europe,1962,10560.48553
France,Europe,1967,12999.91766
France,Europe,1972,16107.19171
France,Europe,1977,18292.63514
France,Europe,1982,20293.89746
France,Europe,1987,22066.44214
France,Europe,1992,24703.79615
France,Europe,1997,25889.78487
France,Europe,2002,28926.03234
France,Europe,2007,30470.0167
Gabon,Africa,1952,4293.476475
Gabon,Africa,1957,4976.198099
Gabon,Africa,1962,6631.459222
Gabon,Africa,1967,8358.761987
Gabon,Africa,1972,11401.94841
Gabon,Africa,1977,21745.57328
Gabon,Africa,1982,15113.36194
Gabon,Africa,1987,11864.40844
Gabon,Africa,1992,13522.15752
Gabon,Africa,1997,14722.84188
Gabon,Africa,2002,12521.71392
Gabon,Africa,2007,13206.48452
Gambia,Africa,1952,485.2306591
Gambia,Africa,1957,520.9267111
Gambia,Africa,1962,599.650276
Gambia,Africa,1967,734.7829124
Gambia,Africa,1972,756.0868363
Gambia,Africa,1977,884.7552507
Gambia,Africa,1982,835.8096108
Gambia,Africa,1987,611.6588611
Gambia,Africa,1992,665.6244126
Gambia,Africa,1997,653.7301704
Gambia,Africa,2002,660.5855997
Gambia,Africa,2007,752.7497265
Germany,Europe,1952,7144.114393
Germany,Europe,1957,10187.82665
Germany,Europe,1962,12902.46291
Germany,Europe,1967,14745.62561
Germany,Europe,1972,18016.18027
Germany,Europe,1977,20512.92123
Germany,Europe,1982,22031.53274
Germany,Europe,1987,24639.18566
Germany,Europe,1992,26505.30317
Germany,Europe,1997,27788.88416
Germany,Europe,2002,30035.80198
Germany,Europe,2007,32170.37442
Ghana,Africa,1952,911.2989371
Ghana,Africa,1957,1043.561537
Ghana,Africa,1962,1190.041118
Ghana,Africa,1967,1125.69716
Ghana,Africa,1972,1178.223708
Ghana,Africa,1977,993.2239571
Ghana,Africa,1982,876.032569
Ghana,Africa,1987,847.0061135
Ghana,Africa,1992,925.060154
Ghana,Africa,1997,1005.245812
Ghana,Africa,2002,1111.984578
Ghana,Africa,2007,1327.60891
Greece,Europe,1952,3530.690067
Greece,Europe,1957,4916.299889
Greece,Europe,1962,6017.190733
Greece,Europe,1967,8513.097016
Greece,Europe,1972,12724.82957
Greece,Europe,1977,14195.52428
Greece,Europe,1982,15268.42089
Greece,Europe,1987,16120.52839
Greece,Europe,1992,17541.49634
Greece,Europe,1997,18747.69814
Greece,Europe,2002,22514.2548
Greece,Europe,2007,27538.41188
Guatemala,Americas,1952,2428.237769
Guatemala,Americas,1957,2617.155967
Guatemala,Americas,1962,2750.364446
Guatemala,Americas,1967,3242.531147
Guatemala,Americas,1972,4031.408271
Guatemala,Americas,1977,4879.992748
Guatemala,Americas,1982,4820.49479
Guatemala,Americas,1987,4246.485974
Guatemala,Americas,1992,4439.45084
Guatemala,Americas,1997,4684.313807
Guatemala,Americas,2002,4858.347495
Guatemala,Americas,2007,5186.050003
Guinea,Africa,1952,510.1964923
Guinea,Africa,1957,576.2670245
Guinea,Africa,1962,686.3736739
Guinea,Africa,1967,708.7595409
Guinea,Africa,1972,741.6662307
Guinea,Africa,1977,874.6858643
Guinea,Africa,1982,857.2503577
Guinea,Africa,1987,805.5724718
Guinea,Africa,1992,794.3484384
Guinea,Africa,1997,869.4497668
Guinea,Africa,2002,945.5835837
Guinea,Africa,2007,942.6542111
Guinea-Bissau,Africa,1952,299.850319
Guinea-Bissau,Africa,1957,431.7904566
Guinea-Bissau,Africa,1962,522.0343725
Guinea-Bissau,Africa,1967,715.5806402
Guinea-Bissau,Africa,1972,820.2245876
Guinea-Bissau,Africa,1977,764.7259628
Guinea-Bissau,Africa,1982,838.1239671
Guinea-Bissau,Africa,1987,736.4153921
Guinea-Bissau,Africa,1992,745.5398706
Guinea-Bissau,Africa,1997,796.6644681
Guinea-Bissau,Africa,2002,575.7047176
Guinea-Bissau,Africa,2007,579.231743
Haiti,Americas,1952,1840.366939
Haiti,Americas,1957,1726.887882
Haiti,Americas,1962,1796.589032
Haiti,Americas,1967,1452.057666
Haiti,Americas,1972,1654.456946
Haiti,Americas,1977,1874.298931
Haiti,Americas,1982,2011.159549
Haiti,Americas,1987,1823.015995
Haiti,Americas,1992,1456.309517
Haiti,Americas,1997,1341.726931
Haiti,Americas,2002,1270.364932
Haiti,Americas,2007,1201.637154
Honduras,Americas,1952,2194.926204
Honduras,Americas,1957,2220.487682
Honduras,Americas,1962,2291.156835
Honduras,Americas,1967,2538.269358
Honduras,Americas,1972,2529.842345
Honduras,Americas,1977,3203.208066
Honduras,Americas,1982,3121.760794
Honduras,Americas,1987,3023.096699
Honduras,Americas,1992,3081.694603
Honduras,Americas,1997,3160.454906
Honduras,Americas,2002,3099.72866
Honduras,Americas,2007,3548.330846
"Hong Kong, China",Asia,1952,3054.421209
"Hong Kong, China",Asia,1957,3629.076457
"Hong Kong, China",Asia,1962,4692.648272
"Hong Kong, China",Asia,1967,6197.962814
"Hong Kong, China",Asia,1972,8315.928145
"Hong Kong, China",Asia,1977,11186.14125
"Hong Kong, China",Asia,1982,14560.53051
"Hong Kong, China",Asia,1987,20038.47269
"Hong Kong, China",Asia,1992,24757.60301
"Hong Kong, China",Asia,1997,28377.63219
"Hong Kong, China",Asia,2002,30209.01516
"Hong Kong, China",Asia,2007,39724.97867
Hungary,Europe,1952,5263.673816
Hungary,Europe,1957,6040.180011
Hungary,Europe,1962,7550.359877
Hungary,Europe,1967,9326.64467
Hungary,Europe,1972,10168.65611
Hungary,Europe,1977,11674.83737
Hungary,Europe,1982,12545.99066
Hungary,Europe,1987,12986.47998
Hungary,Europe,1992,10535.62855
Hungary,Europe,1997,11712.7768
Hungary,Europe,2002,14843.93556
Hungary,Europe,2007,18008.94444
Iceland,Europe,1952,7267.688428
Iceland,Europe,1957,9244.001412
Iceland,Europe,1962,10350.15906
Iceland,Europe,1967,13319.89568
Iceland,Europe,1972,15798.06362
Iceland,Europe,1977,19654.96247
Iceland,Europe,1982,23269.6075
Iceland,Europe,1987,26923.20628
Iceland,Europe,1992,25144.39201
Iceland,Europe,1997,28061.09966
Iceland,Europe,2002,31163.20196
Iceland,Europe,2007,36180.78919
India,Asia,1952,546.5657493
India,Asia,1957,590.061996
India,Asia,1962,658.3471509
India,Asia,1967,700.7706107
India,Asia,1972,724.032527
India,Asia,1977,813.337323
India,Asia,1982,855.7235377
India,Asia,1987,976.5126756
India,Asia,1992,1164.406809
India,Asia,1997,1458.817442
India,Asia,2002,1746.769454
India,Asia,2007,2452.210407
Indonesia,Asia,1952,749.6816546
Indonesia,Asia,1957,858.9002707
Indonesia,Asia,1962,849.2897701
Indonesia,Asia,1967,762.4317721
Indonesia,Asia,1972,1111.107907
Indonesia,Asia,1977,1382.702056
Indonesia,Asia,1982,1516.872988
Indonesia,Asia,1987,1748.356961
Indonesia,Asia,1992,2383.140898
Indonesia,Asia,1997,3119.335603
Indonesia,Asia,2002,2873.91287
Indonesia,Asia,2007,3540.651564
Iran,Asia,1952,3035.326002
Iran,Asia,1957,3290.257643
Iran,Asia,1962,4187.329802
Iran,Asia,1967,5906.731805
Iran,Asia,1972,9613.818607
Iran,Asia,1977,11888.59508
Iran,Asia,1982,7608.334602
Iran,Asia,1987,6642.881371
Iran,Asia,1992,7235.653188
Iran,Asia,1997,8263.590301
Iran,Asia,2002,9240.761975
Iran,Asia,2007,11605.71449
Iraq,Asia,1952,4129.766056
Iraq,Asia,1957,6229.333562
Iraq,Asia,1962,8341.737815
Iraq,Asia,1967,8931.459811
Iraq,Asia,1972,9576.037596
Iraq,Asia,1977,14688.23507
Iraq,Asia,1982,14517.90711
Iraq,Asia,1987,11643.57268
Iraq,Asia,1992,3745.640687
Iraq,Asia,1997,3076.239795
Iraq,Asia,2002,4390.717312
Iraq,Asia,2007,4471.061906
Ireland,Europe,1952,5210.280328
Ireland,Europe,1957,5599.077872
Ireland,Europe,1962,6631.597314
Ireland,Europe,1967,7655.568963
Ireland,Europe,1972,9530.772896
Ireland,Europe,1977,11150.98113
Ireland,Europe,1982,12618.32141
Ireland,Europe,1987,13872.86652
Ireland,Europe,1992,17558.81555
Ireland,Europe,1997,24521.94713
Ireland,Europe,2002,34077.04939
Ireland,Europe,2007,40675.99635
Israel,Asia,1952,4086.522128
Israel,Asia,1957,5385.278451
Israel,Asia,1962,7105.630706
Israel,Asia,1967,8393.741404
Israel,Asia,1972,12786.93223
Israel,Asia,1977,13306.61921
Israel,Asia,1982,15367.0292
Israel,Asia,1987,17122.47986
Israel,Asia,1992,18051.52254
Israel,Asia,1997,20896.60924
Israel,Asia,2002,21905.59514
Israel,Asia,2007,25523.2771
Italy,Europe,1952,4931.404155
Italy,Europe,1957,6248.656232
Italy,Europe,1962,8243.58234
Italy,Europe,1967,10022.40131
Italy,Europe,1972,12269.27378
Italy,Europe,1977,14255.98475
Italy,Europe,1982,16537.4835
Italy,Europe,1987,19207.23482
Italy,Europe,1992,22013.64486
Italy,Europe,1997,24675.02446
Italy,Europe,2002,27968.09817
Italy,Europe,2007,28569.7197
Jamaica,Americas,1952,2898.530881
Jamaica,Americas,1957,4756.525781
Jamaica,Americas,1962,5246.107524
Jamaica,Americas,1967,6124.703451
Jamaica,Americas,1972,7433.889293
Jamaica,Americas,1977,6650.195573
Jamaica,Americas,1982,6068.05135
Jamaica,Americas,1987,6351.237495
Jamaica,Americas,1992,7404.923685
Jamaica,Americas,1997,7121.924704
Jamaica,Americas,2002,6994.774861
Jamaica,Americas,2007,7320.880262
Japan,Asia,1952,3216.956347
Japan,Asia,1957,4317.694365
Japan,Asia,1962,6576.649461
Japan,Asia,1967,9847.788607
Japan,Asia,1972,14778.78636
Japan,Asia,1977,16610.37701
Japan,Asia,1982,19384.10571
Japan,Asia,1987,22375.94189
Japan,Asia,1992,26824.89511
Japan,Asia,1997,28816.58499
Japan,Asia,2002,28604.5919
Japan,Asia,2007,31656.06806
Jordan,Asia,1952,1546.907807
Jordan,Asia,1957,1886.080591
Jordan,Asia,1962,2348.009158
Jordan,Asia,1967,2741.796252
Jordan,Asia,1972,2110.856309
Jordan,Asia,1977,2852.351568
Jordan,Asia,1982,4161.415959
Jordan,Asia,1987,4448.679912
Jordan,Asia,1992,3431.593647
Jordan,Asia,1997,3645.379572
Jordan,Asia,2002,3844.917194
Jordan,Asia,2007,4519.461171
Kenya,Africa,1952,853.540919
Kenya,Africa,1957,944.4383152
Kenya,Africa,1962,896.9663732
Kenya,Africa,1967,1056.736457
Kenya,Africa,1972,1222.359968
Kenya,Africa,1977,1267.613204
Kenya,Africa,1982,1348.225791
Kenya,Africa,1987,1361.936856
Kenya,Africa,1992,1341.921721
Kenya,Africa,1997,1360.485021
Kenya,Africa,2002,1287.514732
Kenya,Africa,2007,1463.249282
"Korea, Dem. Rep.",Asia,1952,1088.277758
"Korea, Dem. Rep.",Asia,1957,1571.134655
"Korea, Dem. Rep.",Asia,1962,1621.693598
"Korea, Dem. Rep.",Asia,1967,2143.540609
"Korea, Dem. Rep.",Asia,1972,3701.621503
"Korea, Dem. Rep.",Asia,1977,4106.301249
"Korea, Dem. Rep.",Asia,1982,4106.525293
"Korea, Dem. Rep.",Asia,1987,4106.492315
"Korea, Dem. Rep.",Asia,1992,3726.063507
"Korea, Dem. Rep.",Asia,1997,1690.756814
"Korea, Dem. Rep.",Asia,2002,1646.758151
"Korea, Dem. Rep.",Asia,2007,1593.06548
"Korea, Rep.",Asia,1952,1030.592226
"Korea, Rep.",Asia,1957,1487.593537
"Korea, Rep.",Asia,1962,1536.344387
"Korea, Rep.",Asia,1967,2029.228142
"Korea, Rep.",Asia,1972,3030.87665
"Korea, Rep.",Asia,1977,4657.22102
"Korea, Rep.",Asia,1982,5622.942464
"Korea, Rep.",Asia,1987,8533.088805
"Korea, Rep.",Asia,1992,12104.27872
"Korea, Rep.",Asia,1997,15993.52796
"Korea, Rep.",Asia,2002,19233.98818
"Korea, Rep.",Asia,2007,23348.13973
Kuwait,Asia,1952,108382.3529
Kuwait,Asia,1957,113523.1329
Kuwait,Asia,1962,95458.11176
Kuwait,Asia,1967,80894.88326
Kuwait,Asia,1972,109347.867
Kuwait,Asia,1977,59265.47714
Kuwait,Asia,1982,31354.03573
Kuwait,Asia,1987,28118.42998
Kuwait,Asia,1992,34932.91959
Kuwait,Asia,1997,40300.61996
Kuwait,Asia,2002,35110.10566
Kuwait,Asia,2007,47306.98978
Lebanon,Asia,1952,4834.804067
Lebanon,Asia,1957,6089.786934
Lebanon,Asia,1962,5714.560611
Lebanon,Asia,1967,6006.983042
Lebanon,Asia,1972,7486.384341
Lebanon,Asia,1977,8659.696836
Lebanon,Asia,1982,7640.519521
Lebanon,Asia,1987,5377.091329
Lebanon,Asia,1992,6890.806854
Lebanon,Asia,1997,8754.96385
Lebanon,Asia,2002,9313.93883
Lebanon,Asia,2007,10461.05868
Lesotho,Africa,1952,298.8462121
Lesotho,Africa,1957,335.9971151
Lesotho,Africa,1962,411.8006266
Lesotho,Africa,1967,498.6390265
Lesotho,Africa,1972,496.5815922
Lesotho,Africa,1977,745.3695408
Lesotho,Africa,1982,797.2631074
Lesotho,Africa,1987,773.9932141
Lesotho,Africa,1992,977.4862725
Lesotho,Africa,1997,1186.147994
Lesotho,Africa,2002,1275.184575
Lesotho,Africa,2007,1569.331442
Liberia,Africa,1952,575.5729961
Liberia,Africa,1957,620.9699901
Liberia,Africa,1962,634.1951625
Liberia,Africa,1967,713.6036483
Liberia,Africa,1972,803.0054535
Liberia,Africa,1977,640.3224383
Liberia,Africa,1982,572.1995694
Liberia,Africa,1987,506.1138573
Liberia,Africa,1992,636.6229191
Liberia,Africa,1997,609.1739508
Liberia,Africa,2002,531.4823679
Liberia,Africa,2007,414.5073415
Libya,Africa,1952,2387.54806
Libya,Africa,1957,3448.284395
Libya,Africa,1962,6757.030816
Libya,Africa,1967,18772.75169
Libya,Africa,1972,21011.49721
Libya,Africa,1977,21951.21176
Libya,Africa,1982,17364.27538
Libya,Africa,1987,11770.5898
Libya,Africa,1992,9640.138501
Libya,Africa,1997,9467.446056
Libya,Africa,2002,9534.677467
Libya,Africa,2007,12057.49928
Madagascar,Africa,1952,1443.011715
Madagascar,Africa,1957,1589.20275
Madagascar,Africa,1962,1643.38711
Madagascar,Africa,1967,1634.047282
Madagascar,Africa,1972,1748.562982
Madagascar,Africa,1977,1544.228586
Madagascar,Africa,1982,1302.878658
Madagascar,Africa,1987,1155.441948
Madagascar,Africa,1992,1040.67619
Madagascar,Africa,1997,986.2958956
Madagascar,Africa,2002,894.6370822
Madagascar,Africa,2007,1044.770126
Malawi,Africa,1952,369.1650802
Malawi,Africa,1957,416.3698064
Malawi,Africa,1962,427.9010856
Malawi,Africa,1967,495.5147806
Malawi,Africa,1972,584.6219709
Malawi,Africa,1977,663.2236766
Malawi,Africa,1982,632.8039209
Malawi,Africa,1987,635.5173634
Malawi,Africa,1992,563.2000145
Malawi,Africa,1997,692.2758103
Malawi,Africa,2002,665.4231186
Malawi,Africa,2007,759.3499101
Malaysia,Asia,1952,1831.132894
Malaysia,Asia,1957,1810.066992
Malaysia,Asia,1962,2036.884944
Malaysia,Asia,1967,2277.742396
Malaysia,Asia,1972,2849.09478
Malaysia,Asia,1977,3827.921571
Malaysia,Asia,1982,4920.355951
Malaysia,Asia,1987,5249.802653
Malaysia,Asia,1992,7277.912802
Malaysia,Asia,1997,10132.90964
Malaysia,Asia,2002,10206.97794
Malaysia,Asia,2007,12451.6558
Mali,Africa,1952,452.3369807
Mali,Africa,1957,490.3821867
Mali,Africa,1962,496.1743428
Mali,Africa,1967,545.0098873
Mali,Africa,1972,581.3688761
Mali,Africa,1977,686.3952693
Mali,Africa,1982,618.0140641
Mali,Africa,1987,684.1715576
Mali,Africa,1992,739.014375
Mali,Africa,1997,790.2579846
Mali,Africa,2002,951.4097518
Mali,Africa,2007,1042.581557
Mauritania,Africa,1952,743.1159097
Mauritania,Africa,1957,846.1202613
Mauritania,Africa,1962,1055.896036
Mauritania,Africa,1967,1421.145193
Mauritania,Africa,1972,1586.851781
Mauritania,Africa,1977,1497.492223
Mauritania,Africa,1982,1481.150189
Mauritania,Africa,1987,1421.603576
Mauritania,Africa,1992,1361.369784
Mauritania,Africa,1997,1483.136136
Mauritania,Africa,2002,1579.019543
Mauritania,Africa,2007,1803.151496
Mauritius,Africa,1952,1967.955707
Mauritius,Africa,1957,2034.037981
Mauritius,Africa,1962,2529.067487
Mauritius,Africa,1967,2475.387562
Mauritius,Africa,1972,2575.484158
Mauritius,Africa,1977,3710.982963
Mauritius,Africa,1982,3688.037739
Mauritius,Africa,1987,4783.586903
Mauritius,Africa,1992,6058.253846
Mauritius,Africa,1997,7425.705295
Mauritius,Africa,2002,9021.815894
Mauritius,Africa,2007,10956.99112
Mexico,Americas,1952,3478.125529
Mexico,Americas,1957,4131.546641
Mexico,Americas,1962,4581.609385
Mexico,Americas,1967,5754.733883
Mexico,Americas,1972,6809.40669
Mexico,Americas,1977,7674.929108
Mexico,Americas,1982,9611.147541
Mexico,Americas,1987,8688.156003
Mexico,Americas,1992,9472.384295
Mexico,Americas,1997,9767.29753
Mexico,Americas,2002,10742.44053
Mexico,Americas,2007,11977.57496
Mongolia,Asia,1952,786.5668575
Mongolia,Asia,1957,912.6626085
Mongolia,Asia,1962,1056.353958
Mongolia,Asia,1967,1226.04113
Mongolia,Asia,1972,1421.741975
Mongolia,Asia,1977,1647.511665
Mongolia,Asia,1982,2000.603139
Mongolia,Asia,1987,2338.008304
Mongolia,Asia,1992,1785.402016
Mongolia,Asia,1997,1902.2521
Mongolia,Asia,2002,2140.739323
Mongolia,Asia,2007,3095.772271
Montenegro,Europe,1952,2647.585601
Montenegro,Europe,1957,3682.259903
Montenegro,Europe,1962,4649.593785
Montenegro,Europe,1967,5907.850937
Montenegro,Europe,1972,7778.414017
Montenegro,Europe,1977,9595.929905
Montenegro,Europe,1982,11222.58762
Montenegro,Europe,1987,11732.51017
Montenegro,Europe,1992,7003.339037
Montenegro,Europe,1997,6465.613349
Montenegro,Europe,2002,6557.194282
Montenegro,Europe,2007,9253.896111
Morocco,Africa,1952,1688.20357
Morocco,Africa,1957,1642.002314
Morocco,Africa,1962,1566.353493
Morocco,Africa,1967,1711.04477
Morocco,Africa,1972,1930.194975
Morocco,Africa,1977,2370.619976
Morocco,Africa,1982,2702.620356
Morocco,Africa,1987,2755.046991
Morocco,Africa,1992,2948.047252
Morocco,Africa,1997,2982.101858
Morocco,Africa,2002,3258.495584
Morocco,Africa,2007,3820.17523
Mozambique,Africa,1952,468.5260381
Mozambique,Africa,1957,495.5868333
Mozambique,Africa,1962,556.6863539
Mozambique,Africa,1967,566.6691539
Mozambique,Africa,1972,724.9178037
Mozambique,Africa,1977,502.3197334
Mozambique,Africa,1982,462.2114149
Mozambique,Africa,1987,389.8761846
Mozambique,Africa,1992,410.8968239
Mozambique,Africa,1997,472.3460771
Mozambique,Africa,2002,633.6179466
Mozambique,Africa,2007,823.6856205
Myanmar,Asia,1952,331
Myanmar,Asia,1957,350
Myanmar,Asia,1962,388
Myanmar,Asia,1967,349
Myanmar,Asia,1972,357
Myanmar,Asia,1977,371
Myanmar,Asia,1982,424
Myanmar,Asia,1987,385
Myanmar,Asia,1992,347
Myanmar,Asia,1997,415
Myanmar,Asia,2002,611
Myanmar,Asia,2007,944
Namibia,Africa,1952,2423.780443
Namibia,Africa,1957,2621.448058
Namibia,Africa,1962,3173.215595
Namibia,Africa,1967,3793.694753
Namibia,Africa,1972,3746.080948
Namibia,Africa,1977,3876.485958
Namibia,Africa,1982,4191.100511
Namibia,Africa,1987,3693.731337
Namibia,Africa,1992,3804.537999
Namibia,Africa,1997,3899.52426
Namibia,Africa,2002,4072.324751
Namibia,Africa,2007,4811.060429
Nepal,Asia,1952,545.8657229
Nepal,Asia,1957,597.9363558
Nepal,Asia,1962,652.3968593
Nepal,Asia,1967,676.4422254
Nepal,Asia,1972,674.7881296
Nepal,Asia,1977,694.1124398
Nepal,Asia,1982,718.3730947
Nepal,Asia,1987,775.6324501
Nepal,Asia,1992,897.7403604
Nepal,Asia,1997,1010.892138
Nepal,Asia,2002,1057.206311
Nepal,Asia,2007,1091.359778
Netherlands,Europe,1952,8941.571858
Netherlands,Europe,1957,11276.19344
Netherlands,Europe,1962,12790.84956
Netherlands,Europe,1967,15363.25136
Netherlands,Europe,1972,18794.74567
Netherlands,Europe,1977,21209.0592
Netherlands,Europe,1982,21399.46046
Netherlands,Europe,1987,23651.32361
Netherlands,Europe,1992,26790.94961
Netherlands,Europe,1997,30246.13063
Netherlands,Europe,2002,33724.75778
Netherlands,Europe,2007,36797.93332
New Zealand,Oceania,1952,10556.57566
New Zealand,Oceania,1957,12247.39532
New Zealand,Oceania,1962,13175.678
New Zealand,Oceania,1967,14463.91893
New Zealand,Oceania,1972,16046.03728
New Zealand,Oceania,1977,16233.7177
New Zealand,Oceania,1982,17632.4104
New Zealand,Oceania,1987,19007.19129
New Zealand,Oceania,1992,18363.32494
New Zealand,Oceania,1997,21050.41377
New Zealand,Oceania,2002,23189.80135
New Zealand,Oceania,2007,25185.00911
Nicaragua,Americas,1952,3112.363948
Nicaragua,Americas,1957,3457.415947
Nicaragua,Americas,1962,3634.364406
Nicaragua,Americas,1967,4643.393534
Nicaragua,Americas,1972,4688.593267
Nicaragua,Americas,1977,5486.371089
Nicaragua,Americas,1982,3470.338156
Nicaragua,Americas,1987,2955.984375
Nicaragua,Americas,1992,2170.151724
Nicaragua,Americas,1997,2253.023004
Nicaragua,Americas,2002,2474.548819
Nicaragua,Americas,2007,2749.320965
Niger,Africa,1952,761.879376
Niger,Africa,1957,835.5234025
Niger,Africa,1962,997.7661127
Niger,Africa,1967,1054.384891
Niger,Africa,1972,954.2092363
Niger,Africa,1977,808.8970728
Niger,Africa,1982,909.7221354
Niger,Africa,1987,668.3000228
Niger,Africa,1992,581.182725
Niger,Africa,1997,580.3052092
Niger,Africa,2002,601.0745012
Niger,Africa,2007,619.6768924
Nigeria,Africa,1952,1077.281856
Nigeria,Africa,1957,1100.592563
Nigeria,Africa,1962,1150.927478
Nigeria,Africa,1967,1014.514104
Nigeria,Africa,1972,1698.388838
Nigeria,Africa,1977,1981.951806
Nigeria,Africa,1982,1576.97375
Nigeria,Africa,1987,1385.029563
Nigeria,Africa,1992,1619.848217
Nigeria,Africa,1997,1624.941275
Nigeria,Africa,2002,1615.286395
Nigeria,Africa,2007,2013.977305
Norway,Europe,1952,10095.42172
Norway,Europe,1957,11653.97304
Norway,Europe,1962,13450.40151
Norway,Europe,1967,16361.87647
Norway,Europe,1972,18965.05551
Norway,Europe,1977,23311.34939
Norway,Europe,1982,26298.63531
Norway,Europe,1987,31540.9748
Norway,Europe,1992,33965.66115
Norway,Europe,1997,41283.16433
Norway,Europe,2002,44683.97525
Norway,Europe,2007,49357.19017
Oman,Asia,1952,1828.230307
Oman,Asia,1957,2242.746551
Oman,Asia,1962,2924.638113
Oman,Asia,1967,4720.942687
Oman,Asia,1972,10618.03855
Oman,Asia,1977,11848.34392
Oman,Asia,1982,12954.79101
Oman,Asia,1987,18115.22313
Oman,Asia,1992,18616.70691
Oman,Asia,1997,19702.05581
Oman,Asia,2002,19774.83687
Oman,Asia,2007,22316.19287
Pakistan,Asia,1952,684.5971438
Pakistan,Asia,1957,747.0835292
Pakistan,Asia,1962,803.3427418
Pakistan,Asia,1967,942.4082588
Pakistan,Asia,1972,1049.938981
Pakistan,Asia,1977,1175.921193
Pakistan,Asia,1982,1443.429832
Pakistan,Asia,1987,1704.686583
Pakistan,Asia,1992,1971.829464
Pakistan,Asia,1997,2049.350521
Pakistan,Asia,2002,2092.712441
Pakistan,Asia,2007,2605.94758
Panama,Americas,1952,2480.380334
Panama,Americas,1957,2961.800905
Panama,Americas,1962,3536.540301
Panama,Americas,1967,4421.009084
Panama,Americas,1972,5364.249663
Panama,Americas,1977,5351.912144
Panama,Americas,1982,7009.601598
Panama,Americas,1987,7034.779161
Panama,Americas,1992,6618.74305
Panama,Americas,1997,7113.692252
Panama,Americas,2002,7356.031934
Panama,Americas,2007,9809.185636
Paraguay,Americas,1952,1952.308701
Paraguay,Americas,1957,2046.154706
Paraguay,Americas,1962,2148.027146
Paraguay,Americas,1967,2299.376311
Paraguay,Americas,1972,2523.337977
Paraguay,Americas,1977,3248.373311
Paraguay,Americas,1982,4258.503604
Paraguay,Americas,1987,3998.875695
Paraguay,Americas,1992,4196.411078
Paraguay,Americas,1997,4247.400261
Paraguay,Americas,2002,3783.674243
Paraguay,Americas,2007,4172.838464
Peru,Americas,1952,3758.523437
Peru,Americas,1957,4245.256698
Peru,Americas,1962,4957.037982
Peru,Americas,1967,5788.09333
Peru,Americas,1972,5937.827283
Peru,Americas,1977,6281.290855
Peru,Americas,1982,6434.501797
Peru,Americas,1987,6360.943444
Peru,Americas,1992,4446.380924
Peru,Americas,1997,5838.347657
Peru,Americas,2002,5909.020073
Peru,Americas,2007,7408.905561
Philippines,Asia,1952,1272.880995
Philippines,Asia,1957,1547.944844
Philippines,Asia,1962,1649.552153
Philippines,Asia,1967,1814.12743
Philippines,Asia,1972,1989.37407
Philippines,Asia,1977,2373.204287
Philippines,Asia,1982,2603.273765
Philippines,Asia,1987,2189.634995
Philippines,Asia,1992,2279.324017
Philippines,Asia,1997,2536.534925
Philippines,Asia,2002,2650.921068
Philippines,Asia,2007,3190.481016
Poland,Europe,1952,4029.329699
Poland,Europe,1957,4734.253019
Poland,Europe,1962,5338.752143
Poland,Europe,1967,6557.152776
Poland,Europe,1972,8006.506993
Poland,Europe,1977,9508.141454
Poland,Europe,1982,8451.531004
Poland,Europe,1987,9082.351172
Poland,Europe,1992,7738.881247
Poland,Europe,1997,10159.58368
Poland,Europe,2002,12002.23908
Poland,Europe,2007,15389.92468
Portugal,Europe,1952,3068.319867
Portugal,Europe,1957,3774.571743
Portugal,Europe,1962,4727.954889
Portugal,Europe,1967,6361.517993
Portugal,Europe,1972,9022.247417
Portugal,Europe,1977,10172.48572
Portugal,Europe,1982,11753.84291
Portugal,Europe,1987,13039.30876
Portugal,Europe,1992,16207.26663
Portugal,Europe,1997,17641.03156
Portugal,Europe,2002,19970.90787
Portugal,Europe,2007,20509.64777
Puerto Rico,Americas,1952,3081.959785
Puerto Rico,Americas,1957,3907.156189
Puerto Rico,Americas,1962,5108.34463
Puerto Rico,Americas,1967,6929.277714
Puerto Rico,Americas,1972,9123.041742
Puerto Rico,Americas,1977,9770.524921
Puerto Rico,Americas,1982,10330.98915
Puerto Rico,Americas,1987,12281.34191
Puerto Rico,Americas,1992,14641.58711
Puerto Rico,Americas,1997,16999.4333
Puerto Rico,Americas,2002,18855.60618
Puerto Rico,Americas,2007,19328.70901
Reunion,Africa,1952,2718.885295
Reunion,Africa,1957,2769.451844
Reunion,Africa,1962,3173.72334
Reunion,Africa,1967,4021.175739
Reunion,Africa,1972,5047.658563
Reunion,Africa,1977,4319.804067
Reunion,Africa,1982,5267.219353
Reunion,Africa,1987,5303.377488
Reunion,Africa,1992,6101.255823
Reunion,Africa,1997,6071.941411
Reunion,Africa,2002,6316.1652
Reunion,Africa,2007,7670.122558
Romania,Europe,1952,3144.613186
Romania,Europe,1957,3943.370225
Romania,Europe,1962,4734.997586
Romania,Europe,1967,6470.866545
Romania,Europe,1972,8011.414402
Romania,Europe,1977,9356.39724
Romania,Europe,1982,9605.314053
Romania,Europe,1987,9696.273295
Romania,Europe,1992,6598.409903
Romania,Europe,1997,7346.547557
Romania,Europe,2002,7885.360081
Romania,Europe,2007,10808.47561
Rwanda,Africa,1952,493.3238752
Rwanda,Africa,1957,540.2893983
Rwanda,Africa,1962,597.4730727
Rwanda,Africa,1967,510.9637142
Rwanda,Africa,1972,590.5806638
Rwanda,Africa,1977,670.0806011
Rwanda,Africa,1982,881.5706467
Rwanda,Africa,1987,847.991217
Rwanda,Africa,1992,737.0685949
Rwanda,Africa,1997,589.9445051
Rwanda,Africa,2002,785.6537648
Rwanda,Africa,2007,863.0884639
Sao Tome and Principe,Africa,1952,879.5835855
Sao Tome and Principe,Africa,1957,860.7369026
Sao Tome and Principe,Africa,1962,1071.551119
Sao Tome and Principe,Africa,1967,1384.840593
Sao Tome and Principe,Africa,1972,1532.985254
Sao Tome and Principe,Africa,1977,1737.561657
Sao Tome and Principe,Africa,1982,1890.218117
Sao Tome and Principe,Africa,1987,1516.525457
Sao Tome and Principe,Africa,1992,1428.777814
Sao Tome and Principe,Africa,1997,1339.076036
Sao Tome and Principe,Africa,2002,1353.09239
Sao Tome and Principe,Africa,2007,1598.435089
Saudi Arabia,Asia,1952,6459.554823
Saudi Arabia,Asia,1957,8157.591248
Saudi Arabia,Asia,1962,11626.41975
Saudi Arabia,Asia,1967,16903.04886
Saudi Arabia,Asia,1972,24837.42865
Saudi Arabia,Asia,1977,34167.7626
Saudi Arabia,Asia,1982,33693.17525
Saudi Arabia,Asia,1987,21198.26136
Saudi Arabia,Asia,1992,24841.61777
Saudi Arabia,Asia,1997,20586.69019
Saudi Arabia,Asia,2002,19014.54118
Saudi Arabia,Asia,2007,21654.83194
Senegal,Africa,1952,1450.356983
Senegal,Africa,1957,1567.653006
Senegal,Africa,1962,1654.988723
Senegal,Africa,1967,1612.404632
Senegal,Africa,1972,1597.712056
Senegal,Africa,1977,1561.769116
Senegal,Africa,1982,1518.479984
Senegal,Africa,1987,1441.72072
Senegal,Africa,1992,1367.899369
Senegal,Africa,1997,1392.368347
Senegal,Africa,2002,1519.635262
Senegal,Africa,2007,1712.472136
Serbia,Europe,1952,3581.459448
Serbia,Europe,1957,4981.090891
Serbia,Europe,1962,6289.629157
Serbia,Europe,1967,7991.707066
Serbia,Europe,1972,10522.06749
Serbia,Europe,1977,12980.66956
Serbia,Europe,1982,15181.0927
Serbia,Europe,1987,15870.87851
Serbia,Europe,1992,9325.068238
Serbia,Europe,1997,7914.320304
Serbia,Europe,2002,7236.075251
Serbia,Europe,2007,9786.534714
Sierra Leone,Africa,1952,879.7877358
Sierra Leone,Africa,1957,1004.484437
Sierra Leone,Africa,1962,1116.639877
Sierra Leone,Africa,1967,1206.043465
Sierra Leone,Africa,1972,1353.759762
Sierra Leone,Africa,1977,1348.285159
Sierra Leone,Africa,1982,1465.010784
Sierra Leone,Africa,1987,1294.447788
Sierra Leone,Africa,1992,1068.696278
Sierra Leone,Africa,1997,574.6481576
Sierra Leone,Africa,2002,699.489713
Sierra Leone,Africa,2007,862.5407561
Singapore,Asia,1952,2315.138227
Singapore,Asia,1957,2843.104409
Singapore,Asia,1962,3674.735572
Singapore,Asia,1967,4977.41854
Singapore,Asia,1972,8597.756202
Singapore,Asia,1977,11210.08948
Singapore,Asia,1982,15169.16112
Singapore,Asia,1987,18861.53081
Singapore,Asia,1992,24769.8912
Singapore,Asia,1997,33519.4766
Singapore,Asia,2002,36023.1054
Singapore,Asia,2007,47143.17964
Slovak Republic,Europe,1952,5074.659104
Slovak Republic,Europe,1957,6093.26298
Slovak Republic,Europe,1962,7481.107598
Slovak Republic,Europe,1967,8412.902397
Slovak Republic,Europe,1972,9674.167626
Slovak Republic,Europe,1977,10922.66404
Slovak Republic,Europe,1982,11348.54585
Slovak Republic,Europe,1987,12037.26758
Slovak Republic,Europe,1992,9498.467723
Slovak Republic,Europe,1997,12126.23065
Slovak Republic,Europe,2002,13638.77837
Slovak Republic,Europe,2007,18678.31435
Slovenia,Europe,1952,4215.041741
Slovenia,Europe,1957,5862.276629
Slovenia,Europe,1962,7402.303395
Slovenia,Europe,1967,9405.489397
Slovenia,Europe,1972,12383.4862
Slovenia,Europe,1977,15277.03017
Slovenia,Europe,1982,17866.72175
Slovenia,Europe,1987,18678.53492
Slovenia,Europe,1992,14214.71681
Slovenia,Europe,1997,17161.10735
Slovenia,Europe,2002,20660.01936
Slovenia,Europe,2007,25768.25759
Somalia,Africa,1952,1135.749842
Somalia,Africa,1957,1258.147413
Somalia,Africa,1962,1369.488336
Somalia,Africa,1967,1284.73318
Somalia,Africa,1972,1254.576127
Somalia,Africa,1977,1450.992513
Somalia,Africa,1982,1176.807031
Somalia,Africa,1987,1093.244963
Somalia,Africa,1992,926.9602964
Somalia,Africa,1997,930.5964284
Somalia,Africa,2002,882.0818218
Somalia,Africa,2007,926.1410683
South Africa,Africa,1952,4725.295531
South Africa,Africa,1957,5487.104219
South Africa,Africa,1962,5768.729717
South Africa,Africa,1967,7114.477971
South Africa,Africa,1972,7765.962636
South Africa,Africa,1977,8028.651439
South Africa,Africa,1982,8568.266228
South Africa,Africa,1987,7825.823398
South Africa,Africa,1992,7225.069258
South Africa,Africa,1997,7479.188244
South Africa,Africa,2002,7710.946444
South Africa,Africa,2007,9269.657808
Spain,Europe,1952,3834.034742
Spain,Europe,1957,4564.80241
Spain,Europe,1962,5693.843879
Spain,Europe,1967,7993.512294
Spain,Europe,1972,10638.75131
Spain,Europe,1977,13236.92117
Spain,Europe,1982,13926.16997
Spain,Europe,1987,15764.98313
Spain,Europe,1992,18603.06452
Spain,Europe,1997,20445.29896
Spain,Europe,2002,24835.47166
Spain,Europe,2007,28821.0637
Sri Lanka,Asia,1952,1083.53203
Sri Lanka,Asia,1957,1072.546602
Sri Lanka,Asia,1962,1074.47196
Sri Lanka,Asia,1967,1135.514326
Sri Lanka,Asia,1972,1213.39553
Sri Lanka,Asia,1977,1348.775651
Sri Lanka,Asia,1982,1648.079789
Sri Lanka,Asia,1987,1876.766827
Sri Lanka,Asia,1992,2153.739222
Sri Lanka,Asia,1997,2664.477257
Sri Lanka,Asia,2002,3015.378833
Sri Lanka,Asia,2007,3970.095407
Sudan,Africa,1952,1615.991129
Sudan,Africa,1957,1770.337074
Sudan,Africa,1962,1959.593767
Sudan,Africa,1967,1687.997641
Sudan,Africa,1972,1659.652775
Sudan,Africa,1977,2202.988423
Sudan,Africa,1982,1895.544073
Sudan,Africa,1987,1507.819159
Sudan,Africa,1992,1492.197043
Sudan,Africa,1997,1632.210764
Sudan,Africa,2002,1993.398314
Sudan,Africa,2007,2602.394995
Swaziland,Africa,1952,1148.376626
Swaziland,Africa,1957,1244.708364
Swaziland,Africa,1962,1856.182125
Swaziland,Africa,1967,2613.101665
Swaziland,Africa,1972,3364.836625
Swaziland,Africa,1977,3781.410618
Swaziland,Africa,1982,3895.384018
Swaziland,Africa,1987,3984.839812
Swaziland,Africa,1992,3553.0224
Swaziland,Africa,1997,3876.76846
Swaziland,Africa,2002,4128.116943
Swaziland,Africa,2007,4513.480643
Sweden,Europe,1952,8527.844662
Sweden,Europe,1957,9911.878226
Sweden,Europe,1962,12329.44192
Sweden,Europe,1967,15258.29697
Sweden,Europe,1972,17832.02464
Sweden,Europe,1977,18855.72521
Sweden,Europe,1982,20667.38125
Sweden,Europe,1987,23586.92927
Sweden,Europe,1992,23880.01683
Sweden,Europe,1997,25266.59499
Sweden,Europe,2002,29341.63093
Sweden,Europe,2007,33859.74835
Switzerland,Europe,1952,14734.23275
Switzerland,Europe,1957,17909.48973
Switzerland,Europe,1962,20431.0927
Switzerland,Europe,1967,22966.14432
Switzerland,Europe,1972,27195.11304
Switzerland,Europe,1977,26982.29052
Switzerland,Europe,1982,28397.71512
Switzerland,Europe,1987,30281.70459
Switzerland,Europe,1992,31871.5303
Switzerland,Europe,1997,32135.32301
Switzerland,Europe,2002,34480.95771
Switzerland,Europe,2007,37506.41907
Syria,Asia,1952,1643.485354
Syria,Asia,1957,2117.234893
Syria,Asia,1962,2193.037133
Syria,Asia,1967,1881.923632
Syria,Asia,1972,2571.423014
Syria,Asia,1977,3195.484582
Syria,Asia,1982,3761.837715
Syria,Asia,1987,3116.774285
Syria,Asia,1992,3340.542768
Syria,Asia,1997,4014.238972
Syria,Asia,2002,4090.925331
Syria,Asia,2007,4184.548089
Taiwan,Asia,1952,1206.947913
Taiwan,Asia,1957,1507.86129
Taiwan,Asia,1962,1822.879028
Taiwan,Asia,1967,2643.858681
Taiwan,Asia,1972,4062.523897
Taiwan,Asia,1977,5596.519826
Taiwan,Asia,1982,7426.354774
Taiwan,Asia,1987,11054.56175
Taiwan,Asia,1992,15215.6579
Taiwan,Asia,1997,20206.82098
Taiwan,Asia,2002,23235.42329
Taiwan,Asia,2007,28718.27684
Tanzania,Africa,1952,716.6500721
Tanzania,Africa,1957,698.5356073
Tanzania,Africa,1962,722.0038073
Tanzania,Africa,1967,848.2186575
Tanzania,Africa,1972,915.9850592
Tanzania,Africa,1977,962.4922932
Tanzania,Africa,1982,874.2426069
Tanzania,Africa,1987,831.8220794
Tanzania,Africa,1992,825.682454
Tanzania,Africa,1997,789.1862231
Tanzania,Africa,2002,899.0742111
Tanzania,Africa,2007,1107.482182
Thailand,Asia,1952,757.7974177
Thailand,Asia,1957,793.5774148
Thailand,Asia,1962,1002.199172
Thailand,Asia,1967,1295.46066
Thailand,Asia,1972,1524.358936
Thailand,Asia,1977,1961.224635
Thailand,Asia,1982,2393.219781
Thailand,Asia,1987,2982.653773
Thailand,Asia,1992,4616.896545
Thailand,Asia,1997,5852.625497
Thailand,Asia,2002,5913.187529
Thailand,Asia,2007,7458.396327
Togo,Africa,1952,859.8086567
Togo,Africa,1957,925.9083202
Togo,Africa,1962,1067.53481
Togo,Africa,1967,1477.59676
Togo,Africa,1972,1649.660188
Togo,Africa,1977,1532.776998
Togo,Africa,1982,1344.577953
Togo,Africa,1987,1202.201361
Togo,Africa,1992,1034.298904
Togo,Africa,1997,982.2869243
Togo,Africa,2002,886.2205765
Togo,Africa,2007,882.9699438
Trinidad and Tobago,Americas,1952,3023.271928
Trinidad and Tobago,Americas,1957,4100.3934
Trinidad and Tobago,Americas,1962,4997.523971
Trinidad and Tobago,Americas,1967,5621.368472
Trinidad and Tobago,Americas,1972,6619.551419
Trinidad and Tobago,Americas,1977,7899.554209
Trinidad and Tobago,Americas,1982,9119.528607
Trinidad and Tobago,Americas,1987,7388.597823
Trinidad and Tobago,Americas,1992,7370.990932
Trinidad and Tobago,Americas,1997,8792.573126
Trinidad and Tobago,Americas,2002,11460.60023
Trinidad and Tobago,Americas,2007,18008.50924
Tunisia,Africa,1952,1468.475631
Tunisia,Africa,1957,1395.232468
Tunisia,Africa,1962,1660.30321
Tunisia,Africa,1967,1932.360167
Tunisia,Africa,1972,2753.285994
Tunisia,Africa,1977,3120.876811
Tunisia,Africa,1982,3560.233174
Tunisia,Africa,1987,3810.419296
Tunisia,Africa,1992,4332.720164
Tunisia,Africa,1997,4876.798614
Tunisia,Africa,2002,5722.895655
Tunisia,Africa,2007,7092.923025
Turkey,Europe,1952,1969.10098
Turkey,Europe,1957,2218.754257
Turkey,Europe,1962,2322.869908
Turkey,Europe,1967,2826.356387
Turkey,Europe,1972,3450.69638
Turkey,Europe,1977,4269.122326
Turkey,Europe,1982,4241.356344
Turkey,Europe,1987,5089.043686
Turkey,Europe,1992,5678.348271
Turkey,Europe,1997,6601.429915
Turkey,Europe,2002,6508.085718
Turkey,Europe,2007,8458.276384
Uganda,Africa,1952,734.753484
Uganda,Africa,1957,774.3710692
Uganda,Africa,1962,767.2717398
Uganda,Africa,1967,908.9185217
Uganda,Africa,1972,950.735869
Uganda,Africa,1977,843.7331372
Uganda,Africa,1982,682.2662268
Uganda,Africa,1987,617.7244065
Uganda,Africa,1992,644.1707969
Uganda,Africa,1997,816.559081
Uganda,Africa,2002,927.7210018
Uganda,Africa,2007,1056.380121
United Kingdom,Europe,1952,9979.508487
United Kingdom,Europe,1957,11283.17795
United Kingdom,Europe,1962,12477.17707
United Kingdom,Europe,1967,14142.85089
United Kingdom,Europe,1972,15895.11641
United Kingdom,Europe,1977,17428.74846
United Kingdom,Europe,1982,18232.42452
United Kingdom,Europe,1987,21664.78767
United Kingdom,Europe,1992,22705.09254
United Kingdom,Europe,1997,26074.53136
United Kingdom,Europe,2002,29478.99919
United Kingdom,Europe,2007,33203.26128
United States,Americas,1952,13990.48208
United States,Americas,1957,14847.12712
United States,Americas,1962,16173.14586
United States,Americas,1967,19530.36557
United States,Americas,1972,21806.03594
United States,Americas,1977,24072.63213
United States,Americas,1982,25009.55914
United States,Americas,1987,29884.35041
United States,Americas,1992,32003.93224
United States,Americas,1997,35767.43303
United States,Americas,2002,39097.09955
United States,Americas,2007,42951.65309
Uruguay,Americas,1952,5716.766744
Uruguay,Americas,1957,6150.772969
Uruguay,Americas,1962,5603.357717
Uruguay,Americas,1967,5444.61962
Uruguay,Americas,1972,5703.408898
Uruguay,Americas,1977,6504.339663
Uruguay,Americas,1982,6920.223051
Uruguay,Americas,1987,7452.398969
Uruguay,Americas,1992,8137.004775
Uruguay,Americas,1997,9230.240708
Uruguay,Americas,2002,7727.002004
Uruguay,Americas,2007,10611.46299
Venezuela,Americas,1952,7689.799761
Venezuela,Americas,1957,9802.466526
Venezuela,Americas,1962,8422.974165
Venezuela,Americas,1967,9541.474188
Venezuela,Americas,1972,10505.25966
Venezuela,Americas,1977,13143.95095
Venezuela,Americas,1982,11152.41011
Venezuela,Americas,1987,9883.584648
Venezuela,Americas,1992,10733.92631
Venezuela,Americas,1997,10165.49518
Venezuela,Americas,2002,8605.047831
Venezuela,Americas,2007,11415.80569
Vietnam,Asia,1952,605.0664917
Vietnam,Asia,1957,676.2854478
Vietnam,Asia,1962,772.0491602
Vietnam,Asia,1967,637.1232887
Vietnam,Asia,1972,699.5016441
Vietnam,Asia,1977,713.5371196
Vietnam,Asia,1982,707.2357863
Vietnam,Asia,1987,820.7994449
Vietnam,Asia,1992,989.0231487
Vietnam,Asia,1997,1385.896769
Vietnam,Asia,2002,1764.456677
Vietnam,Asia,2007,2441.576404
West Bank and Gaza,Asia,1952,1515.592329
West Bank and Gaza,Asia,1957,1827.067742
West Bank and Gaza,Asia,1962,2198.956312
West Bank and Gaza,Asia,1967,2649.715007
West Bank and Gaza,Asia,1972,3133.409277
West Bank and Gaza,Asia,1977,3682.831494
West Bank and Gaza,Asia,1982,4336.032082
West Bank and Gaza,Asia,1987,5107.197384
West Bank and Gaza,Asia,1992,6017.654756
West Bank and Gaza,Asia,1997,7110.667619
West Bank and Gaza,Asia,2002,4515.487575
West Bank and Gaza,Asia,2007,3025.349798
"Yemen, Rep.",Asia,1952,781.7175761
"Yemen, Rep.",Asia,1957,804.8304547
"Yemen, Rep.",Asia,1962,825.6232006
"Yemen, Rep.",Asia,1967,862.4421463
"Yemen, Rep.",Asia,1972,1265.047031
"Yemen, Rep.",Asia,1977,1829.765177
"Yemen, Rep.",Asia,1982,1977.55701
"Yemen, Rep.",Asia,1987,1971.741538
"Yemen, Rep.",Asia,1992,1879.496673
"Yemen, Rep.",Asia,1997,2117.484526
"Yemen, Rep.",Asia,2002,2234.820827
"Yemen, Rep.",Asia,2007,2280.769906
Zambia,Africa,1952,1147.388831
Zambia,Africa,1957,1311.956766
Zambia,Africa,1962,1452.725766
Zambia,Africa,1967,1777.077318
Zambia,Africa,1972,1773.498265
Zambia,Africa,1977,1588.688299
Zambia,Africa,1982,1408.678565
Zambia,Africa,1987,1213.315116
Zambia,Africa,1992,1210.884633
Zambia,Africa,1997,1071.353818
Zambia,Africa,2002,1071.613938
Zambia,Africa,2007,1271.211593
Zimbabwe,Africa,1952,406.8841148
Zimbabwe,Africa,1957,518.7642681
Zimbabwe,Africa,1962,527.2721818
Zimbabwe,Africa,1967,569.7950712
Zimbabwe,Africa,1972,799.3621758
Zimbabwe,Africa,1977,685.5876821
Zimbabwe,Africa,1982,788.8550411
Zimbabwe,Africa,1987,706.1573059
Zimbabwe,Africa,1992,693.4207856
Zimbabwe,Africa,1997,792.4499603
Zimbabwe,Africa,2002,672.0386227
Zimbabwe,Africa,2007,469.7092981
